graph_id,predicted_label
../input/NCI1/test/380.json,1
../input/NCI1/test/11.json,1
../input/NCI1/test/234.json,1
../input/NCI1/test/246.json,0
../input/NCI1/test/10.json,1
../input/NCI1/test/384.json,0
../input/NCI1/test/435.json,0
../input/NCI1/test/56.json,1
../input/NCI1/test/155.json,0
../input/NCI1/test/286.json,0
../input/NCI1/test/319.json,1
../input/NCI1/test/314.json,1
../input/NCI1/test/121.json,0
../input/NCI1/test/54.json,0
../input/NCI1/test/136.json,1
../input/NCI1/test/105.json,1
../input/NCI1/test/347.json,1
../input/NCI1/test/68.json,1
../input/NCI1/test/320.json,1
../input/NCI1/test/161.json,0
../input/NCI1/test/74.json,0
../input/NCI1/test/82.json,1
../input/NCI1/test/248.json,1
../input/NCI1/test/436.json,0
../input/NCI1/test/219.json,1
../input/NCI1/test/298.json,1
../input/NCI1/test/84.json,1
../input/NCI1/test/73.json,0
../input/NCI1/test/53.json,1
../input/NCI1/test/165.json,1
../input/NCI1/test/381.json,0
../input/NCI1/test/91.json,0
../input/NCI1/test/390.json,0
../input/NCI1/test/387.json,1
../input/NCI1/test/119.json,1
../input/NCI1/test/324.json,1
../input/NCI1/test/378.json,0
../input/NCI1/test/180.json,1
../input/NCI1/test/419.json,0
../input/NCI1/test/170.json,0
../input/NCI1/test/203.json,1
../input/NCI1/test/70.json,0
../input/NCI1/test/402.json,1
../input/NCI1/test/287.json,1
../input/NCI1/test/339.json,1
../input/NCI1/test/158.json,0
../input/NCI1/test/284.json,0
../input/NCI1/test/148.json,1
../input/NCI1/test/315.json,1
../input/NCI1/test/160.json,1
../input/NCI1/test/245.json,1
../input/NCI1/test/211.json,1
../input/NCI1/test/365.json,1
../input/NCI1/test/209.json,1
../input/NCI1/test/305.json,1
../input/NCI1/test/32.json,1
../input/NCI1/test/167.json,1
../input/NCI1/test/225.json,0
../input/NCI1/test/276.json,0
../input/NCI1/test/156.json,1
../input/NCI1/test/393.json,1
../input/NCI1/test/274.json,0
../input/NCI1/test/227.json,1
../input/NCI1/test/264.json,1
../input/NCI1/test/231.json,1
../input/NCI1/test/18.json,1
../input/NCI1/test/221.json,0
../input/NCI1/test/361.json,1
../input/NCI1/test/204.json,0
../input/NCI1/test/341.json,0
../input/NCI1/test/90.json,0
../input/NCI1/test/162.json,1
../input/NCI1/test/81.json,1
../input/NCI1/test/427.json,0
../input/NCI1/test/188.json,0
../input/NCI1/test/206.json,1
../input/NCI1/test/439.json,0
../input/NCI1/test/279.json,1
../input/NCI1/test/291.json,0
../input/NCI1/test/215.json,1
../input/NCI1/test/257.json,1
../input/NCI1/test/421.json,0
../input/NCI1/test/4.json,0
../input/NCI1/test/300.json,1
../input/NCI1/test/16.json,0
../input/NCI1/test/138.json,1
../input/NCI1/test/179.json,0
../input/NCI1/test/134.json,0
../input/NCI1/test/299.json,1
../input/NCI1/test/207.json,0
../input/NCI1/test/60.json,0
../input/NCI1/test/13.json,1
../input/NCI1/test/262.json,1
../input/NCI1/test/399.json,1
../input/NCI1/test/389.json,1
../input/NCI1/test/278.json,1
../input/NCI1/test/250.json,1
../input/NCI1/test/143.json,0
../input/NCI1/test/201.json,1
../input/NCI1/test/391.json,0
../input/NCI1/test/137.json,0
../input/NCI1/test/415.json,0
../input/NCI1/test/316.json,1
../input/NCI1/test/423.json,0
../input/NCI1/test/357.json,0
../input/NCI1/test/195.json,1
../input/NCI1/test/139.json,1
../input/NCI1/test/308.json,0
../input/NCI1/test/35.json,0
../input/NCI1/test/75.json,0
../input/NCI1/test/44.json,1
../input/NCI1/test/22.json,1
../input/NCI1/test/253.json,1
../input/NCI1/test/375.json,0
../input/NCI1/test/40.json,1
../input/NCI1/test/413.json,1
../input/NCI1/test/235.json,1
../input/NCI1/test/55.json,0
../input/NCI1/test/154.json,1
../input/NCI1/test/118.json,1
../input/NCI1/test/62.json,0
../input/NCI1/test/83.json,1
../input/NCI1/test/232.json,1
../input/NCI1/test/149.json,0
../input/NCI1/test/268.json,0
../input/NCI1/test/133.json,0
../input/NCI1/test/147.json,0
../input/NCI1/test/323.json,0
../input/NCI1/test/256.json,1
../input/NCI1/test/317.json,0
../input/NCI1/test/24.json,0
../input/NCI1/test/302.json,1
../input/NCI1/test/394.json,0
../input/NCI1/test/383.json,1
../input/NCI1/test/255.json,1
../input/NCI1/test/263.json,1
../input/NCI1/test/58.json,1
../input/NCI1/test/306.json,1
../input/NCI1/test/88.json,0
../input/NCI1/test/150.json,0
../input/NCI1/test/397.json,1
../input/NCI1/test/272.json,0
../input/NCI1/test/135.json,1
../input/NCI1/test/85.json,0
../input/NCI1/test/66.json,0
../input/NCI1/test/77.json,0
../input/NCI1/test/36.json,0
../input/NCI1/test/400.json,0
../input/NCI1/test/69.json,1
../input/NCI1/test/51.json,0
../input/NCI1/test/45.json,0
../input/NCI1/test/217.json,1
../input/NCI1/test/288.json,1
../input/NCI1/test/182.json,0
../input/NCI1/test/420.json,1
../input/NCI1/test/346.json,0
../input/NCI1/test/388.json,0
../input/NCI1/test/113.json,0
../input/NCI1/test/164.json,0
../input/NCI1/test/364.json,1
../input/NCI1/test/114.json,1
../input/NCI1/test/20.json,0
../input/NCI1/test/202.json,1
../input/NCI1/test/405.json,0
../input/NCI1/test/237.json,1
../input/NCI1/test/39.json,0
../input/NCI1/test/304.json,1
../input/NCI1/test/343.json,1
../input/NCI1/test/101.json,0
../input/NCI1/test/14.json,0
../input/NCI1/test/192.json,0
../input/NCI1/test/277.json,0
../input/NCI1/test/5.json,1
../input/NCI1/test/181.json,0
../input/NCI1/test/107.json,1
../input/NCI1/test/64.json,0
../input/NCI1/test/395.json,0
../input/NCI1/test/271.json,0
../input/NCI1/test/76.json,0
../input/NCI1/test/233.json,1
../input/NCI1/test/115.json,0
../input/NCI1/test/47.json,1
../input/NCI1/test/125.json,1
../input/NCI1/test/330.json,1
../input/NCI1/test/336.json,1
../input/NCI1/test/373.json,1
../input/NCI1/test/184.json,1
../input/NCI1/test/344.json,1
../input/NCI1/test/412.json,0
../input/NCI1/test/9.json,0
../input/NCI1/test/417.json,1
../input/NCI1/test/210.json,0
../input/NCI1/test/428.json,0
../input/NCI1/test/267.json,0
../input/NCI1/test/100.json,0
../input/NCI1/test/409.json,0
../input/NCI1/test/362.json,1
../input/NCI1/test/87.json,0
../input/NCI1/test/78.json,0
../input/NCI1/test/238.json,1
../input/NCI1/test/187.json,0
../input/NCI1/test/374.json,1
../input/NCI1/test/240.json,0
../input/NCI1/test/297.json,1
../input/NCI1/test/351.json,1
../input/NCI1/test/152.json,0
../input/NCI1/test/166.json,1
../input/NCI1/test/224.json,1
../input/NCI1/test/414.json,0
../input/NCI1/test/222.json,1
../input/NCI1/test/8.json,1
../input/NCI1/test/140.json,1
../input/NCI1/test/131.json,0
../input/NCI1/test/174.json,0
../input/NCI1/test/386.json,1
../input/NCI1/test/398.json,0
../input/NCI1/test/1.json,1
../input/NCI1/test/130.json,0
../input/NCI1/test/12.json,1
../input/NCI1/test/283.json,1
../input/NCI1/test/145.json,0
../input/NCI1/test/243.json,1
../input/NCI1/test/426.json,0
../input/NCI1/test/213.json,1
../input/NCI1/test/410.json,0
../input/NCI1/test/376.json,1
../input/NCI1/test/334.json,0
../input/NCI1/test/430.json,1
../input/NCI1/test/57.json,0
../input/NCI1/test/265.json,1
../input/NCI1/test/401.json,0
../input/NCI1/test/2.json,1
../input/NCI1/test/49.json,0
../input/NCI1/test/163.json,1
../input/NCI1/test/293.json,1
../input/NCI1/test/261.json,0
../input/NCI1/test/418.json,1
../input/NCI1/test/228.json,1
../input/NCI1/test/309.json,1
../input/NCI1/test/249.json,1
../input/NCI1/test/120.json,0
../input/NCI1/test/325.json,0
../input/NCI1/test/196.json,0
../input/NCI1/test/429.json,0
../input/NCI1/test/97.json,0
../input/NCI1/test/186.json,0
../input/NCI1/test/216.json,1
../input/NCI1/test/239.json,0
../input/NCI1/test/94.json,1
../input/NCI1/test/307.json,1
../input/NCI1/test/335.json,0
../input/NCI1/test/111.json,0
../input/NCI1/test/266.json,0
../input/NCI1/test/106.json,0
../input/NCI1/test/28.json,1
../input/NCI1/test/251.json,1
../input/NCI1/test/52.json,0
../input/NCI1/test/353.json,1
../input/NCI1/test/212.json,0
../input/NCI1/test/359.json,1
../input/NCI1/test/178.json,0
../input/NCI1/test/254.json,1
../input/NCI1/test/67.json,1
../input/NCI1/test/110.json,0
../input/NCI1/test/99.json,1
../input/NCI1/test/331.json,1
../input/NCI1/test/354.json,0
../input/NCI1/test/41.json,1
../input/NCI1/test/95.json,0
../input/NCI1/test/407.json,0
../input/NCI1/test/258.json,0
../input/NCI1/test/369.json,0
../input/NCI1/test/363.json,0
../input/NCI1/test/65.json,1
../input/NCI1/test/385.json,1
../input/NCI1/test/352.json,1
../input/NCI1/test/318.json,0
../input/NCI1/test/259.json,1
../input/NCI1/test/123.json,0
../input/NCI1/test/342.json,1
../input/NCI1/test/193.json,1
../input/NCI1/test/340.json,0
../input/NCI1/test/38.json,1
../input/NCI1/test/27.json,1
../input/NCI1/test/434.json,1
../input/NCI1/test/71.json,0
../input/NCI1/test/122.json,0
../input/NCI1/test/403.json,0
../input/NCI1/test/23.json,1
../input/NCI1/test/368.json,0
../input/NCI1/test/63.json,0
../input/NCI1/test/425.json,0
../input/NCI1/test/294.json,1
../input/NCI1/test/183.json,1
../input/NCI1/test/379.json,1
../input/NCI1/test/356.json,0
../input/NCI1/test/422.json,1
../input/NCI1/test/301.json,0
../input/NCI1/test/337.json,1
../input/NCI1/test/171.json,0
../input/NCI1/test/377.json,0
../input/NCI1/test/190.json,0
../input/NCI1/test/177.json,0
../input/NCI1/test/303.json,1
../input/NCI1/test/176.json,0
../input/NCI1/test/48.json,1
../input/NCI1/test/146.json,0
../input/NCI1/test/236.json,1
../input/NCI1/test/46.json,1
../input/NCI1/test/247.json,1
../input/NCI1/test/229.json,1
../input/NCI1/test/214.json,1
../input/NCI1/test/371.json,1
../input/NCI1/test/432.json,0
../input/NCI1/test/124.json,1
../input/NCI1/test/312.json,0
../input/NCI1/test/189.json,0
../input/NCI1/test/159.json,1
../input/NCI1/test/126.json,1
../input/NCI1/test/142.json,0
../input/NCI1/test/86.json,0
../input/NCI1/test/37.json,0
../input/NCI1/test/3.json,1
../input/NCI1/test/30.json,1
../input/NCI1/test/244.json,0
../input/NCI1/test/406.json,1
../input/NCI1/test/241.json,1
../input/NCI1/test/290.json,1
../input/NCI1/test/153.json,0
../input/NCI1/test/220.json,0
../input/NCI1/test/296.json,0
../input/NCI1/test/33.json,0
../input/NCI1/test/129.json,1
../input/NCI1/test/313.json,1
../input/NCI1/test/50.json,1
../input/NCI1/test/367.json,0
../input/NCI1/test/15.json,0
../input/NCI1/test/6.json,0
../input/NCI1/test/102.json,0
../input/NCI1/test/29.json,0
../input/NCI1/test/191.json,1
../input/NCI1/test/141.json,0
../input/NCI1/test/185.json,0
../input/NCI1/test/366.json,0
../input/NCI1/test/416.json,0
../input/NCI1/test/350.json,0
../input/NCI1/test/360.json,1
../input/NCI1/test/326.json,1
../input/NCI1/test/194.json,1
../input/NCI1/test/275.json,1
../input/NCI1/test/292.json,1
../input/NCI1/test/26.json,0
../input/NCI1/test/332.json,1
../input/NCI1/test/372.json,0
../input/NCI1/test/132.json,0
../input/NCI1/test/358.json,0
../input/NCI1/test/7.json,1
../input/NCI1/test/92.json,1
../input/NCI1/test/270.json,0
../input/NCI1/test/355.json,0
../input/NCI1/test/117.json,0
../input/NCI1/test/200.json,0
../input/NCI1/test/96.json,1
../input/NCI1/test/172.json,0
../input/NCI1/test/310.json,1
../input/NCI1/test/157.json,0
../input/NCI1/test/411.json,1
../input/NCI1/test/168.json,0
../input/NCI1/test/392.json,0
../input/NCI1/test/438.json,0
../input/NCI1/test/80.json,0
../input/NCI1/test/281.json,1
../input/NCI1/test/34.json,1
../input/NCI1/test/260.json,0
../input/NCI1/test/198.json,1
../input/NCI1/test/31.json,1
../input/NCI1/test/218.json,1
../input/NCI1/test/424.json,1
../input/NCI1/test/396.json,0
../input/NCI1/test/89.json,0
../input/NCI1/test/151.json,0
../input/NCI1/test/349.json,0
../input/NCI1/test/21.json,0
../input/NCI1/test/273.json,1
../input/NCI1/test/433.json,1
../input/NCI1/test/329.json,0
../input/NCI1/test/59.json,0
../input/NCI1/test/173.json,1
../input/NCI1/test/169.json,1
../input/NCI1/test/205.json,1
../input/NCI1/test/19.json,0
../input/NCI1/test/72.json,0
../input/NCI1/test/230.json,0
../input/NCI1/test/285.json,0
../input/NCI1/test/269.json,1
../input/NCI1/test/289.json,1
../input/NCI1/test/112.json,1
../input/NCI1/test/370.json,0
../input/NCI1/test/109.json,0
../input/NCI1/test/431.json,0
../input/NCI1/test/295.json,0
../input/NCI1/test/328.json,1
../input/NCI1/test/127.json,1
../input/NCI1/test/242.json,1
../input/NCI1/test/98.json,0
../input/NCI1/test/108.json,0
../input/NCI1/test/104.json,1
../input/NCI1/test/116.json,0
../input/NCI1/test/382.json,0
../input/NCI1/test/43.json,0
../input/NCI1/test/42.json,0
../input/NCI1/test/437.json,1
../input/NCI1/test/223.json,1
../input/NCI1/test/226.json,1
../input/NCI1/test/199.json,1
../input/NCI1/test/197.json,1
../input/NCI1/test/322.json,1
../input/NCI1/test/61.json,1
../input/NCI1/test/321.json,1
../input/NCI1/test/93.json,0
../input/NCI1/test/282.json,0
../input/NCI1/test/327.json,1
../input/NCI1/test/404.json,0
../input/NCI1/test/338.json,0
../input/NCI1/test/79.json,0
../input/NCI1/test/345.json,1
../input/NCI1/test/333.json,0
../input/NCI1/test/252.json,0
../input/NCI1/test/144.json,1
../input/NCI1/test/17.json,1
../input/NCI1/test/208.json,1
../input/NCI1/test/348.json,1
../input/NCI1/test/280.json,1
../input/NCI1/test/408.json,0
../input/NCI1/test/25.json,0
../input/NCI1/test/103.json,0
../input/NCI1/test/175.json,1
../input/NCI1/test/311.json,1
../input/NCI1/test/128.json,1
